"In ‘chilling’ new interview, Trump says he’d ‘lock up’ his political enemies if re-elected"
Schiff says 14th Amendment disqualification ‘fits Donald Trump to a T’
GOP senators weigh ‘special’ meeting on their leadership after McConnell’s freeze
"White House asks Congress to pass short-term spending deal, boost food aid"
Republican threatens to ‘defund’ NC tribe on brink of historic marijuana vote
"Education advocates seek to repeal Nebraska's school choice law, while supporters say bill is win for everyone"
Texas fracking billionaire brothers fuel rightwing media with millions of dollars
"Trump Defenses of Georgia Phone Call Are Strong Arguments Against Trump 2024 Campaign - “We’re delusional, we’re unfathomably poorly informed, and we’d like to be put back in charge of the United States”"
Racist killings in Florida stoke outrage at state’s loose gun laws
"When I Tell You Nikki Haley Is Pathetic, That’s an Understatement"
Police order senator to stay off domestic abuse shelter property after confrontation
Biden administration says millions enrolled in new plan as student-loan payments resume
RNC Members Accuse Fellow Member of Being a Chinese Spy—Just Because He’s Chinese
Videos Show Angry Neo-Nazis Cursing and Screaming Slurs During March in Florida
"Oregon gun law could do more to reduce suicide, audit finds"
"Georgia ban on hormone therapy for transgender minors can resume, judge rules"
Vivek Ramaswamy thinks college applications should include a 1-mile run and other parts of the Presidential Fitness Test
Gold Star mother on Biden's conduct at dignified transfer ceremony: 'Total disrespect'
Democrats Criticize GOP Candidate in California Who Said ‘Wokeism’ is Greater Threat Than World War II
Ozempic could be the next target of Medicare drug price negotiations – here’s why
Unionized service workers rally in Boston ahead of Labor Day
The far left wages an internal fight: Help Democrats or reject the establishment?
Judge declares new Texas law that would erode cities’ power to enact local rules unconstitutional
"The ""What happened in your state last week?"" Megathread, Week 35"
Biden has DNC plow $1.2M into Virginia amid Youngkin fundraising blitz
"'I won't survive': Growing up with a Mom for Liberty parent, a group that's suddenly one of the most influential forces in U.S. schools"
Top prosecutors back compensation for those sickened by US nuclear weapons testing
Ted Cruz rages against non-existent Biden beer limit in viral clip
"US will regulate nursing home staffing for first time, but proposal lower than many advocates hoped"
"As Auto Strike Looms, Biden Admin Puts $15.5 Billion Toward Just Transition to EVs"
"Donald Trump’s Georgia Trial on RICO Charges to Livestream on YouTube, Judge Rules"
'There's a powerful argument' Trump is disqualified for presidency under 14th Amendment: Kaine
'Gloriously Wrong': Law Expert Gladly Takes Back Prediction About Trump's Fate
Biden nominates former Treasury Secretary Jacob Lew to serve as ambassador to Israel
Tax prep companies that spent over $90 million lobbying against free tax-filing system face new scrutiny from lawmakers
Florida Black community's anger at Ron DeSantis spills out after the racist Jacksonville shooting
"Millions of workers earning less than $55,000 could get overtime pay under Biden proposal"
Lawsuit to disqualify Trump filed in New Hampshire
Senate Majority Leader Mitch McConnell appears to have another possible medical episode
Rep. Matt Gaetz promotes marijuana reform during stint as host on Newsmax
Acting Labor Secretary Julie Su: How Bidenomics is fueling union power
Tennessee Officials Can't Use Anti-Drag Law To Interfere With Pride Festival: Judge
Biden will visit Florida over the weekend to survey Hurricane Idalia damage
"Manchin and his daughter pitching donors on a centrist political group, source says"
U.S. reminds migrants to apply for work permits following pressure from city officials
Eric Trump: ‘Nonsense’ charges will make my father Donald Trump US president again
FactChecking the First GOP Debate - FactCheck.org
Trump’s co-defendants are already starting to turn against him - There’s a nascent courtroom strategy by some people close to Donald Trump: Heap blame on the former president.
Cop City Protesters Hit With RICO Act Violation Charges in Georgia
Gallego introduces bill to discourage foreign firms from pumping Arizona groundwater
"Mark Meadows may have a ""perjury problem"" after testifying"
"Trump attacks Judge Chutkan on Truth Social and vows to ""appeal"" trial date — which ""is not a thing"""
Billionaires want to build a new city in rural California. They must convince voters first
GOP Threats to Punish Trump Prosecutors Are Misguided
Justice Thomas Reports Private Trips With Harlan Crow
"Biden’s Bold Move on Drug Prices Gives GOP Two Choices: Change the Subject, or Lie"
ABC’s Stephanopoulos: ‘Shocking’ Despite Trump’s ‘Baggage’ He’s Tied with Biden
Biden administration proposes rule aimed at curbing the ‘gun show loophole’
Climate change question at Milwaukee debate shows concerns among young conservatives
"Breaking impasse, Tennessee lawmakers adjourn tumultuous session spurred by school shooting"
Nikki Haley's gender is rarely mentioned on the campaign trail but always present
Impeachment threats and shutdown fears: Congress returns for a chaotic September
Jared Kushner Faces Hunter Biden Treatment as Democrats Turn the Screw
DeSantis tells Biden: Keep your IRA money
Discussion Thread: First Day of the Impeachment Trial of Texas Attorney General Ken Paxton at 9 a.m. Central
The Insane Feud Over a New $120 Million Bridge to Nowhere
Bracing for Trump 2.0
"Trump-era rule change allowing the logging of old-growth forests violates laws, judge says"
Brian Kemp rejects Georgia Republicans' effort to save Donald Trump
How soon until daylight saving time ends?
Democrats Push to Subpena Jared Kushner’s Saudi-Backed Investment Firm
Nikki Haley calls for 'mental competency tests' for aging US leaders
Pennsylvania is key for Biden. Democrats there say the party is in shambles.
"Trump rambled so much in a NY fraud-case deposition, a lawyer griped, 'we're going to be here until midnight'"
"Biden surveys Hurricane Idalia’s damage in Florida, without DeSantis"
"""We call that kind of love a cult"": Experts on the latest disturbing poll of Trump supporters - New poll reveals that members of the MAGA cult trust Trump most: He ""provides the kind of love they crave"""
The U.S. government hoped companies would want to build wind farms off the Texas coast. No one did. | Offshore wind advocates blame Texas’ antagonistic political climate for the lack of offers. A lease off the coast of Louisiana received two bids.
Supreme Court to Decide Whether to Kick Trump Off Ballot
Justice Clarence Thomas reports he took 3 trips on Republican donor's plane last year
Colorado GOP leaders form committee to support forthcoming 2024 ballot measure banning gender-affirming care for kids
Biden is selling an economy on the rise. Voters aren’t buying it so far.
Marjorie Taylor Greene Plays Victim After Threatening To Hold Government Hostage
Did Utah GOP congressional candidate Bruce Hough ‘beat the FDA?’ Here’s what happened.
Biden says he and DeSantis working together on Idalia recovery efforts
HHS Calls for Moving Marijuana to Lower-Risk US Drug Category
Sen. Sherrod Brown bets a progressive can still win in Trump-leaning Ohio
"Bidenomics Means Lower Prescription Drug Costs, MAGA Control Means Higher Costs"
Coalition launches ballot measure campaign to put abortion rights in Arizona Constitution
White men have controlled women’s reproductive rights throughout American history – the post-Dobbs era is no different
A Georgia trial arguing redistricting harmed Black voters could decide control of a US House seat
Judge Won’t Let Banks and Insurers Hide Their Trump Docs
RNC Members Acknowledge Their Fundraising Is ‘in the Toilet’ | The Republican National Committee is having some serious money problems.
It’s still Donald Trump’s party: Why the GOP can’t escape his grip
Houston parents push back against the state’s school takeover
Biden's new student debt repayment plan has 4 million signups. Here's how to enroll in SAVE.
N.Y. AG asks court to sanction Trump for raising failed legal argument
Senator appears to suggest bipartisan bill will censor transgender content online
L.A. City Council seeks lawsuit over bussing of migrants from Texas
McCarthy Tries to Leverage Biden Impeachment to Avoid a Shutdown
"In a small Rhode Island town, a big issue about the First Amendment | Legal ads bring a lot of revenue to little local newspapers. What happens when local politicians pull them?"
U.S. health officials recommend moving marijuana to lower-risk drug classification
Why Biden Just Can’t Shake Trump in the Polls
‘I wouldn’t give him a nickel’: one-time Giuliani donors rule out legal aid
CFPB Supreme Court Case: Payday Lenders Gave to GOP Group
"If An Ailing Mitch McConnell Stepped Aside, His Replacement Would Be a Republican"
"How did we get here? The dumbing of America, from Reagan to Trump and beyond Every Trump tantrum makes headlines, while the actual president's work is ignored. This is Reagan's legacy"
Opinion | Is Trump disqualified for 2024? Here’s how we’ll soon find out.
"Trump on trial, DeSantis wilting: But don’t expect Glenn Youngkin to be the Republicans’ 2024 white knight"
Biden administration issues rule clarifying definition of being ‘engaged in the business’ of selling guns
Federal court rejects Alabama congressional map; court will draw new map
11 Democrats fight for nomination in 1st Congressional District special primary
White House condemns Marjorie Taylor Greene threat to shut down government
Schumer moves to split House and Senate Republicans ahead of potential shutdown
"Ted Cruz's beer stunt sparks avalanche of jokes, mockery"
"Violence Is Coming? Sorry, It’s Already Here—and Getting Worse."
"Once the leading alternative to Trump, turnover in the DeSantis team spells trouble"
Brian Kemp ushers his party away from the Trumpian deep end — again
Sanders Says 'Much More Has to Be Done' to Cut Prescription Drug Prices
"""He didn't build a damn thing"": Biden drags Trump in Labor Day speech"
Former Trump adviser Peter Navarro's contempt trial to begin Tuesday
Biden Administration Proposes Major Expansion Of Gun Sale Background Checks
Nikki Haley Calls Senate A 'Privileged Nursing Home' After McConnell Freezes
‘Donald Trump’s army’: Proud Boys members face decades in prison for January 6 sedition
Eastman ‘confident’ all Georgia defendants will be ‘vindicated’ at trial
Right-Wing Sheriffs Group Spreads Controversial Ideology
Trump Supporters Reveal Plan to Get Him Elected If He's Removed From Ballot
Why Canada is sounding the alarm about American extremism
"Florida GOP lawmakers target small town over safe space decals. In May, the Humans Rights Campaign joined other civil rights organizations in issuing a travel advisory for Florida"
Mark Meadows Takes the Stand
Wisconsin GOP weighs moves to sideline elections chief and liberal Supreme Court majority
Lawmakers want subpoena power in UFO inquiries
"Republican Women, Fearing Backlash on Abortion, Pivot to Birth Control"
New York attorney general asks judge to sanction Trump over ‘frivolous’ arguments
"Mitch McConnell May Be Experiencing Small Seizures, Doctors Suggest — Two episodes, where the Republican senator froze and did not respond to some questions, may be symptoms of a serious illness, according to neurologists not involved in his medical care."
Jared Kushner accusations compared to Hunter Biden allegations
Republican lawmakers want to stop businesses in a small Florida town from displaying rainbow stickers to show they are a safe place for LGBTQ+ people
Judge says former Trump adviser Peter Navarro has failed to show Trump asserted executive privilege
"Sixty Percent of the Country's Wetlands Are About to Become Unprotected | According to a study by US News, West Virginia is ranked 47th out of 50 for water quality. Seems like somebody ought to do something about that."
"Trump inflated net worth by $2.2 billion, NY attorney general alleges"
AOC says the US should apologize for its history of interventions in Latin America: 'It's very hard for us to move forward when there is this huge elephant in the room'
Texas wanted armed officers at every school after Uvalde. Many can't meet that standard
"Trump’s comments risk tainting a jury in federal election subversion case, special counsel says"
Top Georgia Republicans shut down GOP attack on Trump prosecutor
Biden bashes Trump’s jobs record to mark Labor Day
Federal Court Again Strikes Down Alabama’s Congressional Map
U.S. approves military aid to Taiwan under program usually reserved for sovereign nations
"‘Three Johns’ Top the List of Potential Successors to Mitch McConnell | The men are considered the leading candidates to replace the top Senate Republican, should he be forced to step aside for health reasons."
Portland City Council takes another look at banning public drug consumption
"After nearly 30 years, Pennsylvania will end state funding for anti-abortion counseling centers"
Donald Trump's election fraud trial in Georgia will be livestreamed
Mark Meadows Is a Warning About a Second Trump Term
ICYMI: Rep. Schiff Joins Pan Armenian Council of Western USA to Speak on the Humanitarian Crisis in Artsakh
"Alabama congressional map must be redrawn to boost Black voters, US court rules"
"Wisconsin’s new liberal Supreme Court justice hasn’t heard a case, but Republicans may impeach her"
"Trump Inflated Property Values by Up to $2.2 Billion, New York A.G. Says"
Neurologists Suggest Mitch McConnell’s Latest 'Freezing' Episode Indicates Serious Health Issue
Biden and Trump are keeping relatively light campaign schedules as their rivals rack up the stops
N.C. Republicans seem poised to override the governor's veto of new voting rules
California elementary school evacuated over bomb threat after rightwing harassment
"Iowa Mayor Blocks LGBTQ+ Group From Labor Day Parade, Citing ‘Safety’ Concerns"
Trump Inflated Net Worth by $2.2 Billion Before He Ran for President: NY AG
Rudy Giuliani Is Going to Have to Pay Damages to the Election Workers He Defamed
Why Biden and Trump need each other in order to win in 2024
Special counsel accuses Trump of daily statements that could prejudice jury pool in election subversion case
Giuliani’s first big legal loss is a blistering one
"Alabama can prosecute those who help women travel for abortion, attorney general says"
"A Conservative Push to Save Ken Paxton | The effort to help the Texas attorney general, whose impeachment trial starts Tuesday, is part of an ongoing struggle over the Republican Party’s future."
"Proud Boys, Oath Keepers prosecutions set stage for Trump DC trial"
Polling data shows partisan gap in religious identity widening: Gallup
Poll: Most Republicans think Trump should join second debate
Where the war on woke goes from here
"Biden is widely seen as too old for office, an AP-NORC poll finds. Trump has problems of his own."
Donald Trump vows to lock up political enemies if he returns to White House
Nebraska permitless concealed carry law takes effect Saturday
Alabama's congressional map is struck down again for diluting Black voters' power
Donald Trump is cracking up the Georgia GOP
"Letitia James wants Trump, sons, and lawyers fined $10K each for repeatedly making losing arguments in her fraud case"
Rep. Nancy Mace Says Republicans Shouldn't Be 'A**holes To Women' Over Abortion
"Biden touts job creation, takes aim at Trump's record in Labor Day speech"
Bernie Sanders stumps for Biden: ‘He’s going to win’
Trump Supporters Flood N.H. Election Office with Calls After False Claims about Ballot Access
Trump voters ambush New Hampshire state office over false rumour he was removed from primary ballot
Court Rules in Pornhub’s Favor in Finding Texas Age-Verification Law Violates First Amendment
Trump campaign aide told police officers to 'go hang yourself' at Jan. 6 riot
Ohio votes on abortion rights this fall. Misinformation about the proposal is already spreading
Trump takes huge primary lead as 78pc of Republicans back Capitol riot in new poll
Inside MTG and Kari Lake's 'Death Race' To Become Trump's VP
Ohio reproductive rights group sues state Ballot Board over abortion ballot language
"Donald Trump issues ominous warning to Biden—""Be careful what you wish for"""
Unequal Justice: Trump’s Mar-a-Lago Trial Could Be Tanked by the Judge - We can’t forget about the documents case and the pro-Trump judge who could subvert the prosecution.
Nikki Haley calls US Senate ‘most privileged nursing home in the country’
Mississippi elects openly gay lawmaker for first time in state’s history
Smoke and mirrors: I’ve been debating Vivek Ramaswamy for 2 years. Here’s how I got past his diversionary tactics
Gov. Kemp says special session to remove DA Willis from election investigation will not happen
"Legal experts: John Eastman ""literally just confessed to the crime"" in Fox News interview - ""He’s admitting to committing federal crimes on national television,"" says law professor Anthony Michael Kreis"
"Sen. Whitehouse Asks Roberts To Do Something, Anything About Alito"
Clarence Thomas discloses private jet trips provided by billionaire Harlan Crow
Republican lawmakers launch an effort to block student-loan borrowers from enrolling in Biden's new plan intended to lower monthly payments
Top Democrats say there's a strong case for disqualifying Trump
"DeSantis-Backed Map Violated Black Voters’ Rights, Court Says"
Guess which state is opting out of energy-savings rebate program because it’s ‘woke’
Giuliani found liable for defaming two Georgia election officials
Judge rules Rudy Giuliani has forfeited election defamation case
Pharmaceutical groups are suing the Biden administration for its Medicare plans
‘Crisis-Size Deficits as Far as the Eye Can See’
"Bernie Sanders says President Biden will win in 2024 if he runs on a ""strong progressive agenda"""
"Emulating Trump, Ramaswamy Shows a Penchant for Dispensing With the Facts"
Arizona AG Mayes announces formation of workers’ rights unit
I-Team uncovers how Texas lawmakers diverted millions away from auto theft task forces: 'We don't have the manpower'
Adams criticizes NY Gov Hochul over migrant crisis
Trump tells Glenn Beck he’d ‘lock up’ political opponents if reelected
Texas judge blocks bill that would allow state to override local water breaks rules
"Is public school as we know it ending? — Private school vouchers lost a lot of battles, but they may have won the war."
Conservative groups draw up plan to dismantle the U.S. government and replace it with Trump’s vision
Clarence Thomas says he flew on private jets because of safety concerns after the decision to overturn Roe v. Wade leaked
The latest hit to the Supreme Court’s credibility shows it won’t police itself
Republicans declare war on mask mandates
Lauren Boebert says conservatives are more oppressed than trans people after teacher scolds student
Challenge to anti-walkout law could go straight to Oregon Supreme Court
Gina Raimondo says she complained to Chinese officials about being hacked
Rick Perry: The Conservative Case for Psychedelic Medicine
"UAW Files Charges Against Big Automakers, Alleging 'Willful Refusal to Bargain'"
"Majority of Americans concerned about anti-LGBTQ+ policies in schools, new poll finds"
AOC says the left is 'bewildered' by power because they were 'not used to having' it for years in the US
Could queer-owned businesses be key to unseating Lauren Boebert?
"“Dark” right-wing network recruits MAGA “army” to replace 50K federal workers Trump plans to purge - ""Project 2025 is extremists' newest plan to set fire to our democracy,"" watchdog group warns"
Some Republicans want more details on McConnell's health after another freeze-up
Vivek Ramaswamy says he'll stop using Eminem's music at campaign events: 'I'll respect his wishes'
Ron DeSantis goes to extreme lengths to dodge questions from 15-year-old
Appeals court denies DOJ request to block Trump deposition in lawsuits by ex-FBI officials
"Tennessee Republicans Block Gun Reform, Abruptly Adjourn Until Next Year"
The Protecting Kids on Social Media Act is A Terrible Alternative to KOSA
What would Donald Trump’s TV trial have looked like?
Ohio Republicans accused of trying to mislead voters with abortion ballot wording
"Commerce Secretary Gina Raimondo says business leaders are ""very worried"" about a government shutdown"
Trump is running out of other people's money to pay lawyers. Save America PAC is almost broke
Rep. George Santos could be mulling guilty plea in federal fraud case
New Jersey governor says state can’t handle NYC migrants
"Vivek Ramaswamy, the KKK and unicorns — Today’s Republican Party is a strange tableau"
From Trump to Vivek: The GOP Is Primed for Another Charismatic Phony
White House calls Marjorie Taylor Greene talk of Biden impeachment a 'partisan stunt'
DeSantis Gives OK for School Voucher Money to Be Used on Disney Tickets.
Iowa Attorney General appeals decision that would offer non-English voting materials to the public
Four Trials and a Primary: Here’s What Trump’s Weirdest Campaign Might Look Like
Influential anti-LGBTQ+ Christian activist caught admitting secret plan to defund public schools. The Supreme Court could help implement his plan to take billions from public school and give them to religious private and home schools.
Trump co-defendants struggle to pay legal bills for Georgia indictment
What Really Happens When Americans Stop Going to Church | People hold on to their politics when they stop attending church
Trump dismisses Democrats’ arguments he could be removed from ballot under 14th Amendment
Pro-Ron DeSantis super PAC ends door-knocking in Nevada and Super Tuesday states
"The Key Players in Trump’s Plot to Upend the Election, Mapped"
California's controversial Senate Bill 94 could reduce sentences for felons not eligible for parole
Trump pleads not guilty in Georgia election subversion case
Among the Believers: Robert Kennedy Jr. in Brooklyn
Opinion: How the GOP used ‘Joe the Plumber’ to sell a myth
"Florida Judge Throws Out DeSantis-Backed Congressional Map, Rules In Favor of Civil Rights Groups"
‘Dancing With the Stars’ Dad Jabs House Race Rival on Biden Vote
"Utah politicians kick off new ‘American Founders and Constitution Month’ by mixing flags and faith. ‘God’s fingerprints are everywhere,’ said Tad Callister, a former LDS general authority, at the Capitol on Thursday during an event commemorating Utah’s latest patriotic holiday."
"Giuliani loses Georgia election worker defamation suit by default, judge rules"
Opinion: DeSantis’ snub of Biden in Florida shows why he’s bad at politics
Did data from Georgia voting machine breach play role in alleged Michigan election plot?
"McConnell suffering ‘occasional lightheadedness’ but is clear to keep working after freezing up in press conference, his doctor says"
Judge holds Giuliani liable in Georgia election workers' defamation case for withholding information
Justice Thomas says he used private jet for security reasons after Dobbs leak
Retired Judge Spots ‘Stunningly Stupid’ Move From Trump's Legal Team
Seat belt bill proposed in Ohio after student killed in school bus crash
"Pentagon unveils new UFO website that will be a ""one-stop"" shop for declassified info"
First openly gay lawmaker elected in Mississippi
McConnell appears to freeze again during press conference
"Donald Trump Spends Labor Day Weekend Planning A Revenge Tour | “Republicans are already thinking about what we are going to do to Biden and the Communists when it’s our turn,” Trump wrote on Truth Social."
McConnell faces internal GOP scrutiny over health status
California Democrat Admits Radical Crime Bill Is Not Working: 'I Made a Mistake'
Texas AG Ken Paxton faces charges of corruption and bribery as his impeachment trial gets underway
Ohio Senator says Biden Administration is failing the residents of East Palestine
Federal Court Throws Out Alabama Republicans’ Racist Congressional Map
"Mitch McConnell freezes, struggles to speak in second incident this summer"
Trump inflated net worth by more than $2 billion in one year: N.Y. AG
Vice chair of the House Armed Services Committee promises ‘resolute reaction’ if Taiwan is attacked
Why Republicans Are About to Throw Mitch McConnell to the Wolves
Judge blocks Arkansas law requiring parental Ok for minors to create social media accounts
"Blake Masters said to be set to enter Senate race, signaling Republican battles ahead"
Pentagon launches ‘one-stop shop’ for declassified info on UFOs
Federal court strikes down Alabama’s second attempt to avoid adding another majority-Black congressional district
Abortion rights at heart of Democrats’ 2024 US election campaign
"Tennessee State House votes to ‘silence’ Rep. Justin Jones, 1 of 2 Democrats expelled earlier this year"
The End Will Come for the Cult of MAGA
GOP state lawmaker arrested in Alabama on felony voter fraud charges
Michigan Gov. Gretchen Whitmer to outline remaining 2023 priorities in Democrat-controlled state
Crime Is Nonpartisan
Maricopa County Republicans want party to run its presidential preference election
Mitch McConnell Appears to Freeze Again for More Than 30 Seconds
Trump moves to sever his own Georgia election fraud case from co-defendants seeking speedy trial
"Tennessee District Attorney threatens to arrest Pride organizers. A prosecutor in Blount County, Tennessee has threatened Pride organizers with an anti-drag state law found unconstitutional"
“Mental Health Incompetence”: Republicans Demand Mitch McConnell Resign
Texas ban on public drag performances blocked by judge
Vice President Harris will face doubts and dysfunction at the Southeast Asian nations summit
Secretaries of state get ready for possible challenges to Trump's ballot access
"New York says Trump should be found liable for fraud, even before a trial"
They Were Promised Help With Mortgage Payments. Then They Got a Foreclosure Notice.
Conservative book ban push fuels library exodus from national association that stands up for books
"Highways are the next antiabortion target. One Texas town is resisting. A new ordinance, passed in several jurisdictions and under consideration elsewhere, aims to stop people from using local roads to drive someone out of state for an abortion"
The Texas Attorney General Is Supposed to Represent State Agencies. Ken Paxton Has Repeatedly Refused To.
A net of justice is tightening around 2020 election deniers and may be closing in on Trump
Conservatives stoke ‘fake controversy’ over unreleased Nashville shooting manifesto following Jacksonville shooter’s racist writings. Neither manifesto has been released.
The tricky legal question at the center of the Trump mug shot cash grab
Ken Paxton tried to hide his affair from his wife and voters. It may be his undoing.
Kevin McCarthy Faces Impeachment Skeptics In His Own Party
"GOP Sen. McConnell's health episodes show no evidence of strokes or seizures, Capitol physician says"
Joe Biden Is Making a Bold Bet: Trump’s Indictments Will Speak for Themselves
Did a Fake Donald Trump Dupe News Hosts? What We Know
Millions More Workers Would Get Overtime Pay in New DOL Proposal
Texas judge shoots down 'Death Star' bill preempting local ordinances
"Republicans, instead of attacking teachers unions, maybe help solve our educator shortage? Critics show contempt for those of us on the front lines of childhood poverty, childhood trauma and the teen mental health crisis. Until we are given respect, we can't afford not to have unions."
Biden mocks ‘great real-estate’ developer Trump who ‘didn’t build a damn thing’ at Labor Day rally in Pa.
"GOP leader telling executive committee meeting might not be legally, logistically possible this week"
State election officials prepare for efforts to disqualify Trump under 14th Amendment
"N. Korea, Russia actively engaged in arms negotiations, says White House"
MAGA State Senator Goes There: “Do You Want a Civil War?”
Trump pleads not guilty and waives arraignment in Georgia election case
Some Republicans Worry that a Trump Nomination Could Bring Steep Down-Ballot Losses for the GOP
"Trump Co-Defendant Really, Really Doesn’t Want to Be Tried With Sidney Powell. | In a new motion, Kenneth Chesebro makes clear he does not want anyone to confuse his fringe ideas with those of the “kraken” attorney."
"For George Santos, a life in Brazil at odds with his GOP politics"
Biden is touring Hurricane Idalia damage. But DeSantis doesn't have plans to meet him
Dan Patrick rules in favor of suspended Texas AG Ken Paxton in first major move of impeachment trial
Opioid overdose antidote Narcan will be available over the counter in coming days
Canada warns LGBT travellers of US risks
"DeSantis’ redistricting map in Florida is unconstitutional and must be redrawn, judge says"
From conspiracy theories to congressional hearings: How UFOs became mainstream in America
The Articulate Ignorance of Vivek Ramaswamy
Is Biden-Backed Bill Banning Transgender Content? What We Know
SEC chair Gary Gensler's court losses are piling up in crypto
How Alabama is defying the supreme court to discriminate against Black voters
Biden pledges $95 million for Hawaii’s electrical grid after Maui wildfires
Alabama congressional map struck down again for diluting Black voting power
"Mitch McConnell Is Waging War on Labor. Don’t Worry, He’ll Lose.—The NLRB last week scored a huge victory for workers seeking to organize. The Senate’s strategy to hit back is just bizarre."
Oregon Capitol staffers have reached a tentative union contract with lawmakers
Saturday Morning Political Cartoon Thread
Marjorie Taylor Greene unexpectedly joins Democrats in call for cameras in federal court
"Trump’s Import-Tariff Proposal Would Cut 0.7% From US GDP, Study Says"
"Nebraska governor signs executive order specifically defining females, males"
"Trump May Need Supreme Court To Say His Coup Attempt Does Not Violate Constitution - The 14th Amendment bans insurrectionists from seeking office, and the question of whether Trump can even be on the ballot is likely headed to the high court."
Congress returns to try to stave off a government shutdown while GOP weighs impeachment inquiry
Biden's big gamble: Staying quiet on Trump
Why this Labor Day is so consequential
Trump Ally Perry’s Phone-Records Fight With DOJ Revived by Court
Vivek Ramaswamy’s Embrace of Hindu Nationalism: The GOP presidential candidate views Narendra Modi’s authoritarianism as a model for the United States.
I’m Tired of “Thoughts and Prayers” From Those Who Foment Racist Violence. The Jacksonville shooting victims deserved more than a governor who trivializes their lives with his politics.
Judge knocks out key defense for former Trump adviser Navarro ahead of contempt of Congress trial
Virginia’s ‘Moderate’ GOP Governor Is Quietly Funding Anti-Choice Extremists
McConnell's scary moment raises age limit questions for Congress — again
"Mark Meadows pointed a finger right at Trump, ex-special counsel says"
"Rudy Giuliani is liable for defaming 2 Georgia election workers, a judge says"
New Texas law requires drunk drivers to pay child support if they kill a child’s parent or guardian
GOP lawmakers take aim at LGBTQ+ 'safe places' program in small Florida town
"Some Republicans are considering impeaching Janet Protasiewicz, here's how we got here"
Prosecutors seek to delay status conference in criminal case against George Santos
Biden Appointees Just Made It Easier For Workers To Form Unions
The California Megachurch Pushing Public Schools to the Far Right
A New Rudy Scandal: FBI Agent Says Giuliani Was Co-opted by Russian Intelligence
Thousands donate to save Florida abortion clinic amid crippling state fines
Bennet Commits to Protecting Water Conservation Funds at Annual Water Congress Summer Conference
"AOC Endorses Aaron Regunberg for Rhode Island's 1st Congressional District: ""As a community organizer, climate lawyer, and state legislator—Aaron has been a fierce champion for working people,"" said the New York Democrat. ""I'm proud to support him."""
DeSantis’ super PAC head honcho privately admits he’s spreading dirt on Ramaswamy
"Trump has few options for pre-trial appeals, but motions can delay case"
2 Trump co-defendants ask judge to break apart Georgia election interference case and hold separate trials
US judge calls ban on forced reset triggers for guns 'likely unlawful'
DOJ loses on appeal in trying to block Trump deposition
Biden touts his middle class roots in Labor Day speech
Gov. Jared Polis defends Gadsden flag after student reportedly removed from Colorado Springs class
"Trump pleads not guilty in Georgia election subversion case, seeks to sever his case from others"
Bolton on Ramaswamy’s Ukraine position: He ’emulates Trump every time he can’
More queer people are coming to Oregon to flee restrictive laws. Service providers seeing increased need
Adam Kinzinger Rips 'Outrageous' Ron DeSantis For Not Meeting With Biden In Florida
Trump Spokesperson Has Major Freudian Slip On What Ex-President Does 'Right'
Kaine says Ramaswamy support of Trump represents ‘complete lack of moral compass’
FCC says “too bad” to ISPs complaining that listing every fee is too hard
Democrats Demand Subpoena of Trump Son-in-Law Jared Kushner Over Saudi Business Deal
"Trump may throw his ""idiot"" sons ""under the bus"" in $250 million NY AG lawsuit"
Clarence Thomas officially discloses private trips on GOP donor Harlan Crow's plane
"Election workers have gotten death threats and warnings they will be lynched, the US government says"
Elvia Díaz: Could Blake Masters win a GOP primary against Kari Lake?
How American Democracy Fell So Far Behind
Nate Silver: A ‘McConnell moment’ for Biden could give Trump a second term
"Bowers cites Trump chat, says election challenges not over"
"Republican threatens Trump with ""legal hell"" that could kick him off ballot"
Blake Masters plans another Arizona Senate bid — this time for Sinema’s seat
Clarence Thomas Discloses Three 2022 Flights on Right-Wing Billionaire's Private Jet
"Trump Is Still the Number One Choice for President for Nearly 60% of GOP Voters, Poll Shows"
Discussion Thread: White House Press Secretary Jean-Pierre Gives a Briefing at 12:45 p.m. EDT Before Biden Gives Remarks on Hurricane Idalia and Maui Wildfires at 1:45
DeSantis voted against Sandy aid a decade ago. Now his state needs the help.
Biden Touts Unions and Job Growth During Labor Day Parade in Philadelphia
Biden says 'I don't know' what happened with DeSantis meeting as he surveys Hurricane Idalia damage
More than 80 percent of voters are worried about US democracy: poll
Poll: Majority of Americans Support Unions and Support Strikes - A new Gallup poll shows Americans are overwhelmingly in favor of labor unions.
Marjorie Taylor Greene declares outlandish list of debt ceiling demands - including Biden impeachment vote
One of Louisiana's only pediatric cardiologists has left the state over anti-LGBTQ legislation
Tucker Carlson: ‘Obviously’ We’re ‘Speeding Toward Assassination’ of Trump
"Whistleblowers, fraud and Nate Paul: A timeline of Texas AG Ken Paxton's impeachment trial"
How corporate liberalism is changing both parties
Jordan subpoenas hate speech watchdog
Conservatives aim to restructure U.S. government and replace it with Trump’s vision
Can a tree be historic?
Democrats Unimpressed With Clarence Thomas's Feeble Attempt At Transparency
The surrogates: Trump’s strategy for campaigning from court
Beshear refuses to commit to appointing GOP replacement if McConnell resigns over health scares
"After recent disasters, the White House says FEMA needs more money"
Chris Christie is actually gaining support for president. From Democrats.
Senior schools official spreads debunked myths about children using cat litter boxes as toilets
Ron DeSantis isn’t planning to meet with Biden when the president surveys storm damage
Justice Department will monitor polls in Rhode Island
Why Is Nobody Doing Anything About Mitch McConnell?
Consistent Signs of Erosion in Black and Hispanic Support for Biden - It’s a weakness that could manifest itself as low Democratic turnout even if Trump and Republicans don’t gain among those groups.
Mississippi's public defender system in crisis as some wait years for court-appointed lawyer
Texas AG Ken Paxton’s impeachment trial is in the hands of Republicans who have been by his side
"Google DeepMind co-founder calls for US to enforce AI standards, Financial Times reports"
Biden approves Medal of Honor for Army helicopter pilot who rescued soldiers in a Vietnam firefight
Donald Trump's lawyer slips up during live TV interview
Trump: Rupert Murdoch a ‘globalist’ trying to tear me down
Sidney Powell claims it'd be 'devastating' if she can't face RICO trial alone for 'three days'
N.C. justice sues claiming ethics probe seeks to chill diversity critique
"Right-wing establishes ‘government-in-waiting’ for second Trump term, plans firing of 50,000 public workers"
John Eastman shoots himself in the foot on Fox News
About half of Texas voters think Ken Paxton’s actions justify removing him as attorney general
George Stephanopoulos Grills Vivek Ramaswamy Over Trump Sympathy
Trump conspirators beware: Rudy Giuliani's loss is a reminder that the courtroom is MAGA kryptonite
Florida Governor Ron DeSantis faces Black leaders' anger after racist killings in Jacksonville
State Republicans Try to Remove Top Jurist for Mentioning the Existence of Racial Bias
"Vivek Ramaswamy, in Favor of Ending Israel Aid, Opposes U.S. Military Force Against Iran"
White House ramps up war room to battle expected GOP impeachment inquiry
The Hostile Takeover of Blue Cities by Red States
Mitch McConnell appears to freeze again while talking to reporters
Trump pleads not guilty in Georgia election fraud case
Texas Republicans put Trump ally Attorney General Ken Paxton on trial
U.S. health agency recommends easing federal restrictions on marijuana
Erasing the “Black Spot”: How a Virginia College Expanded by Uprooting a Black Neighborhood
Fulton County judge gives green light for Trump Georgia 2020 election case to be televised
Biden says U.S. is in one of 'the strongest job-creating periods' after jobs report
Lauren Boebert poll sparks worried emails to supporters
"Rudy Giuliani liable for defaming Georgia election workers, hit with sanctions by judge"
"Tucker Carlson stokes conspiracies, claims U.S. is 'speeding towards' assassination of Trump"
Sen. Sheldon Whitehouse files ethics complaint over Justice Samuel Alito interview
Republicans Can’t Decide If They Want Online Privacy or Not
A Texas judge has declared unconstitutional a law championed by Gov. Greg Abbott that limits the power of Democrat-led cities
An Ohio ballot measure seeks to protect abortion access. Opponents' messaging is on parental rights
"Arizona GOP rejects single-day vote proposal, angering election deniers"
"Pennsylvania is considering an earlier 2024 presidential primary, partly to avoid voting on Passover"
Inside MTG and Kari Lake’s ‘Death Race’ To Become Trump’s VP
Brian Kemp Ignites Republican Civil War in Georgia
'The Trump brand doesn't work': GOP governor blames Donald Trump for Republican losses
Humana sues U.S. government to block Medicare clawback rule
"Giuliani loses support of billionaires Langone, Cooperman: ‘I wouldn’t give him a nickel’"
Is Joe Biden trying to limit how much beer you can drink? No. Ted Cruz is wrong.
Fact Sheet: Treasury Department Releases First-Of-Its-Kind Report on Benefits of Unions to the U.S. Economy
Thorny AI ownership questions have Copyright Office seeking public input | Should AI-created works be copyrighted? US regulators want to know what you think
President Biden heads to Florida to see Idalia's destruction. But he won't be seeing Gov. DeSantis
"Texas anti-porn bill violates First Amendment free speech laws, judge rules"
"Sen. Mike Lee says Burning Man flooding is ‘God’s judgment.’ ‘God’s judgment is real,’ the Utah Senator posted on X in response to a story about sexual promiscuity at the annual event"
"Biden gets low marks on economy and major concerns about his age as he looks to Trump rematch, new poll shows"
The Republican Presidential Primary Is a Race for Second Place
Arizona GOP braces for volatile Lake-Masters match-up
"Why a Big Union Is Snubbing Biden, Doing Industry’s Dirty Work and Creating an Opening for Trump"
Biden administration proposes to close loophole on background checks
Fulton County DA asks judge to expedite cases of all 19 defendants in Georgia
Wisconsin Supreme Court’s Conservative Chief Justice Accuses New Liberal Majority of Staging a ‘Coup’
“Deeply Out of Touch”: MI GOP Calls Paid Family Leave “Summer Break for Adults”. A Michigan Democratic leader said the suggestion is “offensive beyond belief.”
Abortion fight unites the left and rattles the right in key Wis. battleground
"AOC says Biden must continue his outreach to progressives ahead of the 2024 election, similar to efforts after the 2020 Democratic primary: 'It is not one and done'"
"Texas drunk drivers will now have to pay child support if they kill a parent, guardian"
Toma and Petersen claim doctors have no legal right to challenge abortion ban
President Biden has beaten Big Pharma with drug price negotiations: White House
Biden seeks minimum staff levels at US nursing homes
Biden administration announces $450M in funding to beat overdose epidemic
"Trump inflated his net worth by $2.2 billion, New York AG says in filing"
Cash is king – or at least it used to be – and Pa. lawmakers want to keep it that way
The US economy still seems to be avoiding a recession
"Pressed on Trump's conduct, Ramaswamy argues: 'Bad judgment' is not 'a crime'"
Push To Strip Fox’s Broadcast License Over Election Lies Gains New Momentum
President Biden Comments to Reporters Before Florida Visit
Rep. Gloria Johnson of 'Tennessee Three' officially launches 2024 Senate campaign
"Sen. Tommy Tuberville is worth at least $4.5 million, according to his financial disclosures"
A 15-year-old shakes up New Hampshire with tough questions for Ron DeSantis and other 2024 hopefuls: Quinn Mitchell has a jarring encounter with DeSantis and his super PAC supporters as he soaks up the 2024 election on the ground in his home state.
Missouri’s ban on gender-affirming care for minors is officially in effect
Biden heads to Philadelphia for a Labor Day parade and is expected to speak about unions' importance
Liberal groups seek to use the 14th Amendment to block Trump from 2024 ballots
'Disgusted': Senate Democrats advance bill to impose ethics standards on Supreme Court
Haley on Trump Legal Woes: Americans Will Not 'Vote for a Convicted Criminal'
Vivek Ramaswamy Is a Fraud—and Always Has Been | Opinion
"""Crossed the line of ethics"": Jamie Raskin uses GOP admission to demand House subpoena Jared Kushner - GOP Oversight Chairman James Comer has allowed Kushner to ""ignore and defy"" questions about Kushner's Saudi cash"
District halts all new library books because of a “sexually suggestive” kids’ book about a kitten. A board member freaked out about the kindergarten book about a cat that wants to be a unicorn.
"Expand Social Security to Honor US Workers - As traditional pensions continue to disappear, Social Security is more vital to American workers’ economic security than ever."
Mike Rounds Says McConnell 'Perfectly Capable' Of Being GOP Leader Despite Frozen Episodes
Gabe Amo wins Democratic primary in RI’s 1st Congressional District
"U.S. Department of the Treasury, IRS Release Guidance on Inflation Reduction Act Provision to Ensure Good-Paying Clean Energy Jobs, Expand Clean Energy Workforce"
Wealthy Family Wants to Reopen Major Industrial Polluter in Alabama Despite Mounting Debts and Proposed Regulation
Conservative activists are pushing ‘trafficking’ laws to prevent women from traveling for an abortion
GOP State Rep. Arrested On Voter Fraud Charge
An effort to ban caste discrimination in California has touched a nerve
Maine officials evaluating whether Trump can appear on ballot
"Judge finds Giuliani defamed Georgia election workers, orders sanctions"
Trump has raised millions with his mug shot. Legal experts say it could be a big mistake
Christopher Rufo’s Alarming Crusade Against Public Universities
Sen. Mitch McConnell appears to freeze again at a Kentucky event
"Rudy Giuliani is liable for defaming Georgia election workers, judge rules - U.S. District Court Judge Beryl Howell ordered Giuliani to pay the two election workers punitive damages."
Congress poised for messy September as McCarthy races to avoid government shutdown
US supreme court likely to determine Trump’s 2024 eligibility soon – ex-judge
Steve Williams becomes 1st Democrat to enter West Virginia governor’s race
Finger-pointing and frustration over migrant crisis leads to a total breakdown between White House and NYC mayor
"‘There’s a very real danger here’: AOC on 2024, the climate crisis and ‘selling out’"
DeSantis' Florida Redistricting Map Is Unconstitutional And Must Be Redrawn: Judge
The Supreme Court Is Infected With the ‘Most Damaging’ Human Bias - It’s not the justices’ politics that are making them unpopular. It’s their overconfidence.
DeSantis says Florida will apply for federal disaster relief money. He opposed it as a congressman.
An Ohio ballot measure seeks to protect abortion access. Opponents’ messaging is on parental rights
Knoxville Rep. Gloria Johnson announces U.S. Senate run against Marsha Blackburn
Report on Trump's private remarks reveals true stakes of 2024 election
"'Shakedown': Los Angeles politician sentenced to 42 months on corruption charges, latest in city scandals"
'We cannot be a**holes to women': GOP lawmaker on abortion rights
Wisconsin's new liberal Supreme Court justice hasn't heard a case but Republicans may impeach
"Tucker Carlson claims we're 'speeding toward assassination' of Trump, amping up baseless far-right conspiracy theory"
Prosecutors want to know how drunk Rudy Giuliani was when he was advising Trump on overturning the 2020 election
A Harvard Law professor says it was 'unbelievably juvenile' for Trump's legal team to cite the infamous 'Scottsboro Boys' case as they pushed for a federal election interference trial in 2026
GOP Senator Says ‘We Don’t Know’ If Trump Could Beat Biden In 2024
Judge rejects DeSantis-drawn congressional map as unconstitutional
"In the abortion debate, honesty matters"
Ted Cruz Might Be the Most Gullible Person on the Internet
"Mitch McConnell is 'medically clear' to continue work, U.S. Capitol doctor says"
"Google isn't intentionally biased against Republicans, says court"
Why Some People Turn into Political Extremists
Florida Judge Strikes Down DeSantis Congressional Map for Diminishing Black Voting Power in North Florida
Trump’s Chief of Staff Mark Meadows seems to think he can avoid prosecution. Here’s how
Be glad you’re not in charge of raising money for Ron DeSantis
Emerson Poll: 64% of D.C. residents would find Trump guilty in 2020 election tampering case
Marjorie Taylor Greene worries that Burning Man attendees are being brainwashed about climate change
Joe Biden's Approval Rating Compared to Trump Rings Democrat Alarm Bells
White House blasts Marjorie Taylor Greene for threatening government shutdown over Biden impeachment inquiry
Clarence Thomas Resign Calls Grows Over Disclosure: 'People Deserve Better'
Trump Judges 'Deeply Troubled' By Republicans' Congressional Map
Rudy Giuliani Literally Can’t Afford to Be Defaming People
"DeSantis-aligned super PAC asked for $50 million from donors on day of first GOP primary debate, leaked audio shows"
Capitol physician medically clears McConnell after health scares prompt new questions over his leadership position
"Trump County in Iowa Ousts Conspiracy Theorist, Elects Democrat Instead - The election in Iowa’s Warren County offers major lessons for Democrats organizing in other red states"
Trump indictments spark wave of endorsements — from rappers
"Trump's daily statements threaten to prejudice jury pool in D.C. elections case, prosecutors warn"
Michigan House Republicans Urge Members to Call Paid Family Leave Plan ‘Summer Break for Adults’
Alaska education board bans trans athletes from girls' high school sports
"New poll shows massive backlash to anti-LGBTQ school policies. A new Navigator Research Poll shows that book bans, school sports policies, and Don’t Say Gay bills are wildly unpopular"
"‘Kids Online Safety Act’ will deliberately target trans content, senator Marsha Blackburn admits"
Labor unions praise Biden's plan to boost staffing at nursing homes
Ron DeSantis Is Afraid of Questions From a 15-Year-Old
"Senate GOP leader Mitch McConnell appears to freeze up again, this time at a Kentucky event"
Voters in one Iowa county reject GOP-appointed auditor who posted about 2020 election doubts
‘Trump isn’t funding any of us’: Co-defendants in Georgia case are struggling with mounting legal bills
Possible easing of marijuana restrictions could have major implications
Millions more workers would be entitled to overtime pay under a proposed Biden administration rule
Progressive advocacy group Indivisible endorsing Biden reelection bid
"California sues school district over its policy to forcibly out trans students. ""They have taken great pains to go out of their way... to trample the rights of children,"" Attorney General Rob Bonta said."
Greene says she won’t vote for government funding without Biden impeachment inquiry
"McConnell’s health, what happens next raises stakes even higher for KY’s next governor"
Change in how feds see marijuana could mean big tax cut for pot retailers
Mark Meadows Might Have Just Perjured Himself
Trump's Georgia election interference trial will be livestreamed on YouTube
US deficit is projected to roughly double this year: watchdog
Biden student-debt plan hailed as ‘big step forward’ for millions of borrowers | Advocates say proposals that cut debt to zero for some borrowers and reduce monthly interest payments are good news
McConnell appears to freeze while speaking with reporters in Kentucky
Pence: Biden has done ‘terrible job’ of explaining US interests in Ukraine
Florida and Texas universities excluded from list of LGBTQ+ friendly schools
How Trump’s Trial Dates Crash Into GOP Political Calendar
"Trump’s Georgia election interference trial will be televised and live streamed, judge decides"
Ohio Republicans Sneak in Sinister Change to Abortion Ballot Language
"Covid fraud: Street gang in Milwaukee allegedly stole millions to pay for murder, guns and drugs"
Why Florida Republicans don’t want drilling off their own coast
Trump may have violated copyright law by selling mugshot merchandise
White House bashes Greene over threat to not fund government without impeachment inquiry
The GOP’s Drag Bans Aren’t Meant to Be Good Laws. They’re Meant to Cause Chaos.
Voters disapprove of Biden just as much as Trump: poll
“I was just following orders”: Ex-prosecutor calls out Trump co-defendants for using “Nazi defense”
"Biden administration cancels $72 million in student debt for more than 2,300 borrowers"
Primaries underway for America’s third-largest party with grassroots and self-funded candidates
America's Surprising Partisan Divide on Life Expectancy
"RI congressional candidates spar over health care, campaign contributions"
Why a televised Trump RICO trial could still be wishful thinking
NC congressman introduces 'Stop Pot Act' to curb recreational marijuana legalization
"Biden ‘too old to run’ again, nearly three-quarters say: poll"
Democratic elites struggle to get voters as excited about Biden as they are
"Doctors say Parkinson’s, brain injury may be causing Mitch McConnell’s ‘freezing’ spells"
Texas AG Ken Paxton's impeachment trial is in the hands of Republicans who have been by his side
"Arizona’s US Senate race is so interesting, I’m making up words to describe it"
"Adam Schiff: Disqualifying Trump Could Be 'Legitimate Issue' In 2024 Election - Schiff said there is a ""valid argument"" for keeping Donald Trump off of ballots next year."
"Senators Chris Coons and Marco Rubio to face off in Senate Project debate, moderated by CBS News' Ed O'Keefe"
The sleeper legal fight that could define 2024: Is Trump even eligible to run?
"Education v misinformation: opposing groups duel for Wisconsin voters’ attention — Keep our Republic aims to educate voters about elections and democracy, while North of 29 pushes debunked fraud claims"
"When it comes to voter turnout, US ranks in the lower middle"
Marjorie Taylor Greene claims Burning Man disaster was an ‘act of God’ and trapped revellers are ‘brainwashed’
Ron DeSantis Seeks “Judicial Gerrymander” in Florida Courts
"Independents, with a lowercase i, are now Arizona’s biggest voter group"
U.S. health officials want to loosen marijuana restrictions. Here’s what it means
'Astonishingly cruel': Alabama seeks to test execution method on death row 'guinea pig'
"In court, Trump supporter faces election official he violently threatened"
Tommy Tuberville Put On Blast By Military Secretaries In Scathing Opinion Piece
McConnell appears to freeze while speaking with reporters
Right-Wing Influencers Deny Reality by Claiming Neo-Nazis Are ‘Feds’
"Trump trial in Fulton County will be televised and live streamed, Georgia judge says"
Biden: ‘Nobody intelligent’ can deny the impact of climate crisis
The nation’s population is growing — but Congress is standing still
"A look inside Donald Trump’s deposition: Defiance, deflection and the ‘hottest brand in the world’"
Peoria council points to sex offender at vice mayor's house as grounds for resignation
"Atlantic City airport could be used to house migrants, Biden administration suggests to NYC"
A 2016 Rant From Jeanine Pirro Comes Back To Haunt Her
"Ron DeSantis accused of ""playing politics"" after Biden hurricane visit snub"
HHS sends recommendation to DEA on rescheduling marijuana
Oklahoma State Dept. of Education announces partnership with PragerU
US labor movement celebrates new regulation to counter union-busting
Poor families could see cuts to food aid as Congress battles over budget
Your Evening Briefing: Biden Turns Inflation Reduction Act on Big Pharma
"Don’t Say Gay, or He, or She, or They"
GOP donors fret over Scott's single status
"Republicans hired way more ex-lobbyists as congressional staffers in the last year than Democrats, analysis finds"
"Trump Poses 'Danger' to Witnesses, Threat Must Be Neutralized: Kirschner"
Texas is about to shut down an election office in a heavily Democratic county that includes Houston less than two months before the city's mayoral election
Blake Masters Plans to Enter Race for Kyrsten Sinema’s Senate Seat
Trump Phone Interview Was So Odd People Wrongly Thought It Was AI
"Oklahoma Kids in Peril as ‘Anti-Woke’ Official Rages Online: Parents| As bomb threats continue to disrupt schools in Tulsa, Oklahoma, a new lawsuit alleges kids face additional danger under state education boss Ryan Walters."
The EPA removes federal protections for most of the country's wetlands
"Trump pleads not guilty in Georgia election subversion case, seeks to sever case from co-defendants who want a speedy trial"
Trump's trial and its impact on the Republican primary
Greene calls McConnell unfit for office after 2nd freeze-up
ICE sends deportation flight to Haiti after warning US citizens to evacuate
Texas Supreme Court allows ban on gender-affirming care for most minors to take effect
Meet the white Trump official behind the launch of Black America for Immigration Reform
"Biden says he hasn’t ‘been able to break’ for East Palestine visit, despite Lake Tahoe getaway and DE trips"
Trump enters a plea of not guilty in Georgia election case
"Katy ISD adopts new policy requiring teachers to out transgender students. The policy passed in a 4-3 vote Monday night, with many community speakers saying the measure would do more harm than good to transgender and queer students."
"Trump, after entering not guilty plea, seeks to sever his Georgia election interference case"
A Huge Threat to the U.S. Budget Has Receded. And No One Is Sure Why.
Judge Chutkan compares Jan. 6 to 9/11 trials in court
Prosecutors Ask If Trump Knew Giuliani Was Drunk as a Skunk on Election Night: Report
"How Vivek Ramaswamy, a Hindu, Is Aligning Himself With Christian Nationalists"
Impeachment trial begins for Texas Republican Ken Paxton
"From strikes to new union contracts, Labor Day's organizing roots are especially strong this year"
Forget the Deep State. Trump is at war with the whole state
‘Unborn Child’ Ohio Ballot Wording Is a Win for Abortion Foes
DeSantis refuses to call out Trump’s silence on Hurricane Idalia
"Authoritarianism Expert Predicts Why The GOP Will Implode, For Good"
Column: Bidenomics just had its first birthday. Why are so few people celebrating?
Republicans mulling Biden impeachment inquiry taking orders from ‘puppet master’ Trump: Jeffries
"Special counsel election probe continues with focus on fundraising, voting equipment breaches"
Mark Meadows' Risky Move in the Trump Georgia Case
The leaked internal poll numbers scrambling the GOP primary
Biden’s marijuana review process recommends DEA move weed to Schedule III: The recommendation is the result of a yearlong review initiated by the president.
Republicans demand a ransom: Defund the prosecution of Donald Trump or else
"GOP faces September conundrum on impeachment, spending"
Mitch McConnell appears to freeze again while talking to reporters in Kentucky
"2024 GOP candidates, voters raise age as a concern on campaign trail"
The Evolution of A.O.C.
States’ attempts to age-gate the Internet blocked by constitutional hurdles
Giuliani loses defamation lawsuit from two Georgia election workers
"After DeSantis no-show, Scott stands next to Biden in Florida"
"DeSantis Rejected $350 Million in Climate Funding Before Hurricane Idalia: The Florida governor rejected millions in climate funding. Now, his state is suffering from a storm fueled by climate change."
Rep. Nancy Mace says Republicans in swing districts are 'walking the plank' because of abortion restrictions
The US government is eager to restore powers to keep dangerous chemicals out of extremists' hands
From RICO charges to loyalty pledges: Trump's transformation of the GOP into a crime mob is complete
Why some advocates are pushing back against decriminalization in the sex trade
Mitch McConnell appears to freeze again as he is asked about running for re-election
McCarthy says impeachment inquiry would require House vote
White House spars with MTG after she conditions funding vote on Biden impeachment
America Is the World Leader in Locking People Up. New York City Found a Fix
Dunleavy vetoes bill to ban harmful ‘forever chemicals’ in firefighting foams
Court rules Surprise overstepped by rejecting signatures opposing affordable housing
"‘Crooked Coffee’: The alleged election office breach in the Trump indictment was part of a years-long pattern, some locals say"
Biden touts job numbers: ‘People are coming off the sidelines’
Biden's Education Department is taking the next step to get broad student-loan forgiveness to millions of borrowers
Trump scores major victory from Obama-appointed judge
US curbs AI chip exports from Nvidia and AMD to some Middle East countries
A school principal turned U.S. legislator has a message for students
McConnell Releases New Health Assurances From the Capitol’s Physician
Rep. Marjorie Taylor Greene Says Mitch McConnell Is Not 'Fit For Office'
Mitch McConnell freezes and appears unresponsive in second press conference incident
The Biden administration wants to know if Saudi Arabia used American weapons to kill 'hundreds' of migrants
Judge rules Rudy Giuliani defamed Georgia election workers
Polling signals Biden slippage with Black and Hispanic voters
Georgia DA Warns Trump and Co-Defendants of Consequences for Speedy Trial Demand
Jim Banks declares war on egg tycoon scrambling Indiana Senate race
What to expect opening day of Texas AG Ken Paxton’s impeachment trial
AG denounces election worker threats as DOJ charges over a dozen people
George Santos Prosecutors Seek Case Delay for Talks on ‘Paths Forward’
"DeSantis' redistricting map in Florida is unconstitutional and must be redrawn, judge says"
Trump Campaign Official Urged Cops To Hang Themselves During Jan. 6 Riot: Report
"President Joseph R. Biden, Jr. Approves Florida Emergency Declaration"
"187,000 jobs added in August as unemployment rises to 3.8%"
"New filings reveal more luxury trips and opaque payments to Clarence Thomas’ wife, Ginni"
Trump co-defendant Kenneth Chesebro pleads not guilty in Georgia election case
Anchorage ombudsman recommends firing city IT director for role in election challenge
GOP Gov. Hangs Republican Losses on Trump: ‘It’s a Negative Brand. The Trump Brand Just Doesn’t Work’
"Ken Paxton may be impeached, but his anti-environment legacy will live on Opponents call the embattled Texas attorney general’s tenure “a disaster for Texas’ air, water, and climate.”"
A 6-figure Donald Trump donor is now a No Labels adviser
How to Treat Right-Wing Violence in the U.S.
"Trump pushes back on allegations he inflated net worth, claims he was defamed"
Republican Presidential Candidates Vow to Fiddle as Earth Burns
How Trump's loyal pen pals spread his message
"Biden health agency recommends classifying marijuana as lower-risk, opening potential for major policy changes"
Sen. Tom Wright angrily puts hand on domestic violence worker outside shelter
Push to expand voting rights gains ground in 2023
Donald Trump and the Pardon Debate
Clarence Thomas Acknowledges Undisclosed Real Estate Deal With Harlan Crow and Discloses Private Jet Flights
Jack Smith’s Team Grilled Witnesses About Rudy Giuliani’s Drinking
Ron DeSantis Overtakes Trump in Straw Poll of Young Republicans
Gay doctor flees Louisiana due to anti-LGBTQ+ laws: 'I don't have a choice'. A gay doctor who is one of Louisiana’s only specialist paediatric cardiologists has left the state after the introduction of a Don’t Say Gay copycat bill and a ban on gender-affirming care for trans youth.
How Marjorie Taylor Greene Became a Russian State Media Darling
Abbott's Texas National Guard set up a secret spy operation and treated the border like it was the war in Iraq: whistleblowers
Canada warns LGBTQ people of U.S. state laws in updated travel advisory
Biden Administration Adds Insulin To Drug Price Negotiation List In Major Blow To Big Pharma
"Welcome to the ""You Do You"" Pandemic"
Amy Coney Barrett Longs For The Days The Supreme Court Could Ruin Your Life In Obscurity | It's actually good that people see what's going on.
"Larry Hogan says he has ""not closed the door"" to running for president under a No Labels ticket"
"Texas Attorney General Ken Paxton pursued perks beyond impeachment allegations, ex-staffers say"
Trump’s Truth Social facing a key funding deadline
New York AG's office alleges Trump inflated his net worth by as much as $2.2 billion in 1 year
Bernie Sanders Champions '32-Hour Work Week With No Loss in Pay'
Breaking out of news bubbles will help strengthen our democracy
McConnell freezes again during Kentucky press conference
Harris County breaks up elections office in compliance with new state law
Portland area projected to get $320 million from homeless tax revenue -- $85 million more than the previous forecast
"CNN Poll: GOP voters' broad support for Trump holds, with less than half seriously worried criminal charges will harm his 2024 chances"
How Trump first connected with CU visiting scholar who drafted plan to overturn 2020 election
Angela Paxton’s Ties to a Shell Company
"Libertarian Leak: Extremist Ties, Anti-LGBTQ+ Remarks, GOP Collaboration"
Trump posts a staggering 31 videos ranting at political opponents in one day
Rightwing activist Leonard Leo under investigation in Washington DC
CREW files ethics complaint against Rep. Andrew Clyde
No. 2 House Republican Steve Scalise is diagnosed with blood cancer and undergoing treatment
McConnell freezes up again during Kentucky news conference
Marjorie Taylor Greene says Mitch McConnell is 'not fit for office' after he appeared to freeze up for the second time
House conservatives flirt with shutdown: ‘So be it’
"Facing a shutdown, McCarthy struggles to get his unruly caucus in line"
Clarence Thomas Enlists Lawyer to Fight ‘Political Blood Sport’
"For Democrats To Hold The Senate, Their Red State Incumbents Will Have To Defy Political Gravity"
Fabian Nelson Will Be Mississippi’s First Openly Gay Lawmaker After Runoff Victory
Illinois becomes magnet for trans students seeking protections
DeSantis’ New Insurance Law Could Make It Harder to Rebuild After Hurricane Idalia
Trump waived right to Georgia arraignment because he didn’t want to face court cameras
